tab_switches,typing_speed,idle_time,mouse_movements,copy_paste_count,suspicious
0,48,43,30,0,1
5,38,74,153,9,1
2,40,15,97,1,1
6,23,39,128,5,0
1,36,38,98,3,1
5,31,49,30,1,0
0,35,31,127,3,0
2,27,17,87,0,0
8,27,36,137,6,0
3,26,72,123,7,1
1,37,35,112,3,1
5,35,28,60,0,0
4,54,30,69,1,0
5,36,42,144,6,1
5,46,39,130,5,1
4,48,25,64,0,0
5,35,33,59,1,0
4,25,33,47,0,0
0,46,16,87,0,1
3,50,47,37,1,0
5,45,40,110,4,1
3,21,56,117,6,1
6,42,41,122,5,1
8,41,45,134,6,1
7,57,43,135,6,1
0,48,26,48,0,1
5,61,28,59,0,0
4,38,24,35,0,0
8,27,44,127,6,1
1,29,1,102,0,0
7,31,47,33,1,0
4,38,53,53,2,0
3,52,19,70,0,0
2,37,34,114,3,0
3,54,57,89,4,0
6,57,41,167,7,1
3,38,31,83,2,0
7,41,41,146,6,1
8,47,36,20,0,0
9,36,35,117,5,0
5,31,36,104,3,1
5,46,66,125,7,1
0,29,0,131,0,0
4,35,28,160,5,1
6,51,32,40,0,0
3,44,15,79,0,0
4,30,63,52,3,0
2,33,34,77,1,1
0,30,0,129,0,0
2,42,62,81,4,1
2,60,6,89,0,0
5,38,29,162,6,1
2,39,34,105,3,0
3,40,41,113,4,1
4,44,28,72,1,0
0,32,39,55,0,1
8,39,47,20,0,0
4,41,84,138,9,0
3,35,43,124,5,1
1,49,40,71,1,1
2,31,29,77,1,1
2,32,35,109,3,0
5,48,41,193,8,1
0,13,0,127,0,0
3,25,16,76,0,0
7,7,60,5,0,0
4,47,15,59,0,0
3,43,41,119,4,1
4,38,37,82,2,1
1,45,9,117,1,0
2,29,13,81,0,0
5,40,38,43,0,0
3,32,38,125,4,1
4,40,42,158,7,1
2,40,45,110,4,1
7,36,48,151,7,1
2,50,36,94,2,1
1,53,0,93,0,0
2,51,74,74,5,0
7,35,26,16,0,0
2,33,64,116,6,0
3,44,47,91,3,0
3,24,44,123,5,0
0,35,61,116,5,0
6,36,50,145,7,1
0,46,0,122,0,0
2,46,16,66,0,0
0,23,50,15,0,1
7,48,40,145,6,1
2,30,29,110,3,1
4,47,57,36,2,0
7,46,39,128,5,1
7,39,42,110,4,0
3,16,20,76,0,0
2,25,21,100,1,1
0,31,0,116,0,1
0,45,0,109,0,0
5,41,48,70,3,0
1,44,57,77,3,1
3,61,16,65,0,0
3,42,38,127,5,1
0,46,0,98,0,0
0,61,0,140,0,0
0,33,0,108,0,0
8,50,40,98,4,1
1,43,57,92,4,1
5,26,49,158,7,1
4,27,41,147,6,1
8,46,33,203,9,1
7,40,39,141,6,1
4,19,13,62,0,0
11,50,45,162,8,1
0,56,48,44,1,1
5,29,38,114,4,1
4,53,35,74,2,0
4,31,31,90,2,0
6,47,36,115,4,1
0,50,65,141,7,1
4,37,19,60,0,0
5,39,29,137,5,1
5,45,27,86,2,0
5,42,42,98,4,1
3,46,39,131,5,1
0,37,26,124,3,1
4,40,64,71,4,0
6,59,36,133,5,1
3,32,22,66,0,0
5,30,3,68,0,0
7,21,41,127,5,1
2,20,28,100,2,1
3,32,9,89,0,0
7,38,46,115,5,1
3,25,11,67,0,0
7,39,36,123,5,1
8,43,43,138,6,1
6,37,32,103,3,1
7,68,44,143,6,1
1,46,2,96,0,0
5,38,43,126,5,0
7,40,41,128,5,1
3,33,35,126,4,1
0,43,0,129,0,1
6,41,92,5,2,0
6,60,29,191,7,1
4,40,62,73,4,0
1,45,7,102,0,0
2,41,30,96,2,1
6,27,36,123,5,1
2,36,75,61,4,0
5,33,55,189,10,1
2,35,37,59,1,0
1,49,36,90,2,1
5,31,33,57,1,0
0,46,29,61,0,1
4,41,23,67,0,0
6,40,39,55,1,0
3,48,27,89,1,1
5,36,37,60,1,0
5,23,53,143,7,1
0,37,0,128,0,0
6,42,44,129,6,1
5,25,30,51,0,0
2,67,48,104,4,0
2,39,28,85,1,1
3,31,15,72,0,1
5,37,41,27,0,0
7,46,29,36,0,0
5,46,39,56,1,0
0,43,14,39,0,1
6,52,40,100,4,1
2,32,16,112,2,0
0,33,0,130,0,0
1,61,56,97,4,0
6,33,37,42,0,0
8,55,43,137,6,1
5,48,41,61,2,0
9,48,42,142,6,1
6,23,43,128,5,1
3,32,60,95,5,1
4,47,49,124,5,1
2,34,32,86,2,1
5,29,37,115,4,1
5,36,57,154,8,1
4,33,33,157,6,1
7,23,39,125,5,1
4,35,24,159,5,1
2,34,22,117,2,1
1,49,33,88,2,1
0,23,42,41,0,1
2,34,12,92,0,1
5,29,57,65,3,0
1,53,3,101,0,0
3,39,19,90,1,0
0,31,0,112,0,0
0,61,44,34,0,0
6,29,45,127,6,1
4,41,28,56,0,0
2,41,27,86,1,1
2,38,14,95,1,0
5,34,38,140,5,0
4,29,28,73,1,0
9,41,46,150,7,1
3,60,16,79,0,0
3,46,38,112,4,1
6,33,38,170,7,1
4,29,67,65,4,0
5,29,40,169,7,0
8,22,43,133,6,1
4,53,63,95,5,1
3,39,16,74,0,0
0,46,0,110,0,0
1,40,56,87,4,0
7,38,43,106,4,1
1,42,30,113,3,1
8,33,66,36,3,0
2,35,44,83,3,1
6,16,40,123,5,1
0,51,52,120,5,0
4,52,39,61,1,0
5,47,56,21,1,0
9,52,31,10,0,0
4,36,35,129,4,1
9,70,48,139,7,1
2,40,54,36,1,0
1,28,21,90,1,1
1,31,19,86,0,1
2,35,28,80,1,1
4,32,20,60,0,0
8,40,48,142,7,1
4,35,28,69,1,0
5,46,34,111,4,1
10,27,43,144,7,1
2,36,72,86,5,0
7,41,35,114,4,1
5,20,43,114,4,1
4,52,28,37,0,0
4,44,29,72,1,0
7,45,38,132,5,0
9,54,41,117,5,1
2,34,35,93,2,1
2,26,11,90,0,0
5,52,40,75,2,0
3,53,36,83,2,1
3,27,32,113,3,1
6,46,46,136,6,1
6,31,42,121,5,1
2,20,0,82,0,0
6,49,57,175,9,1
0,45,0,122,0,0
1,38,19,61,0,1
1,31,37,86,2,1
1,34,54,77,3,1
6,36,43,47,1,0
5,39,40,113,4,1
2,45,31,108,3,0
9,72,47,124,6,1
0,29,0,135,0,0
3,41,25,123,3,0
1,36,20,118,2,0
8,27,54,27,1,0
4,31,37,173,7,1
7,35,49,216,10,1
2,33,15,106,1,0
8,36,40,135,6,1
4,37,36,86,2,1
0,36,0,102,0,0
1,19,41,102,3,1
3,38,42,88,3,1
2,36,12,95,0,0
2,48,9,84,0,0
3,55,46,106,4,1
9,29,41,144,7,1
7,33,45,140,6,1
4,53,28,72,1,0
3,43,18,94,1,0
0,54,0,110,0,0
3,27,21,92,1,0
2,40,7,92,0,0
5,48,38,95,3,1
9,25,47,165,8,1
3,35,61,127,7,1
2,52,69,103,6,0
6,39,47,133,6,1
9,44,46,158,8,1
4,41,14,58,0,1
7,47,46,38,1,0
0,25,25,33,0,1
4,23,38,112,4,1
11,34,50,170,9,1
2,48,9,81,0,0
7,39,39,78,2,1
1,47,1,97,0,0
1,41,38,101,3,0
3,37,21,113,2,1
3,40,34,103,3,1
3,16,36,95,3,1
3,34,55,79,3,1
5,41,30,165,6,1
7,20,37,101,4,1
4,47,46,119,5,1
3,43,22,92,1,0
5,40,37,105,4,1
3,20,30,135,4,1
2,51,6,90,0,0
7,33,37,129,5,1
1,49,64,117,6,0
4,27,38,107,4,1
0,24,0,118,0,0
4,33,30,60,0,0
5,49,31,63,1,0
4,65,7,78,0,0
2,55,41,91,3,0
1,31,59,130,6,0
2,36,10,97,0,0
4,53,31,52,0,0
3,33,29,125,4,1
5,42,35,59,1,0
9,35,46,146,7,1
6,54,41,55,1,0
4,40,65,120,7,1
7,33,45,37,1,0
7,44,57,45,2,0
4,43,38,55,1,0
0,37,0,124,0,1
6,46,50,31,1,0
3,46,19,84,1,0
3,37,37,127,4,1
0,30,62,165,8,0
5,27,37,29,0,1
5,32,38,106,4,1
2,22,7,92,0,0
6,34,19,216,8,1
1,25,51,123,5,0
3,63,49,123,5,1
2,49,44,91,3,1
2,27,14,91,0,0
3,34,53,67,3,0
0,38,2,119,0,1
6,41,39,49,1,0
4,54,46,131,5,0
8,50,47,158,8,1
3,37,43,101,4,0
5,63,45,89,3,0
1,41,29,61,0,1
5,24,31,189,7,1
6,59,41,49,1,0
1,38,25,119,3,0
0,27,29,110,2,0
7,55,31,9,0,0
5,40,30,62,1,0
8,22,43,123,5,1
1,43,30,93,2,1
0,37,36,43,0,1
5,26,30,30,0,0
4,51,50,123,6,1
1,45,57,129,6,0
4,26,39,109,4,1
2,40,38,121,4,0
1,40,0,100,0,0
4,31,16,65,0,0
7,27,43,36,1,0
2,22,12,88,0,1
3,44,47,134,6,1
4,44,39,144,6,1
5,38,28,60,0,0
4,40,14,47,0,0
4,44,25,147,4,1
4,43,38,120,4,1
3,35,40,126,5,1
1,39,44,135,5,0
3,35,15,110,2,0
1,49,29,120,3,1
8,55,52,26,1,0
8,15,46,126,6,1
2,42,37,71,1,1
3,28,36,121,4,1
3,56,17,98,1,0
2,30,9,89,0,0
0,38,68,108,6,0
2,41,32,109,3,0
5,39,44,100,4,1
2,43,31,70,1,1
6,52,44,43,1,0
3,36,42,150,6,1
3,46,57,28,1,0
2,11,18,80,0,1
1,30,0,97,0,0
0,40,7,114,1,0
3,53,35,98,3,1
6,36,34,108,4,1
4,49,53,129,6,1
7,43,43,124,5,1
5,29,57,132,7,1
8,26,49,148,7,1
6,35,39,138,6,1
0,19,0,143,0,0
1,50,5,93,0,0
4,50,17,143,3,1
5,31,32,81,2,0
8,20,46,134,6,1
7,27,41,118,5,1
1,37,10,99,0,0
0,43,63,153,7,0
1,52,0,110,0,1
8,41,64,190,10,1
0,31,24,48,0,1
5,39,34,140,5,1
6,37,44,106,4,1
3,26,14,67,0,0
7,29,43,27,0,0
3,18,38,107,3,1
4,40,19,62,0,0
6,25,36,142,5,1
6,24,45,126,5,1
3,36,39,119,4,1
6,23,45,123,5,1
7,46,41,118,5,1
0,48,0,119,0,1
9,31,33,5,0,0
6,32,43,121,5,1
4,30,25,53,0,0
4,42,71,25,2,0
8,35,38,123,5,1
8,45,45,145,7,0
1,46,0,102,0,0
7,38,40,135,6,1
2,22,46,97,3,1
3,33,50,64,2,1
5,58,34,110,3,1
8,27,39,119,5,0
7,57,37,116,4,0
3,62,34,70,1,0
5,36,45,38,1,0
0,34,0,108,0,1
9,50,48,8,0,0
2,38,21,97,1,0
4,35,43,79,2,0
6,39,41,51,1,0
3,32,41,150,6,1
5,36,21,32,0,0
4,46,37,113,4,1
5,59,44,111,5,1
6,58,41,121,5,1
3,34,21,81,1,0
3,43,30,157,5,1
2,33,33,114,3,1
7,42,55,54,3,0
7,46,42,128,5,1
7,36,38,128,5,1
7,51,41,106,4,1
0,42,0,135,0,0
5,58,13,40,0,0
5,41,7,76,0,0
4,39,16,73,0,1
3,39,19,82,0,0
3,36,15,75,0,0
7,51,51,47,2,0
3,42,16,74,0,0
7,39,43,106,4,1
3,43,37,126,4,1
2,30,28,82,1,1
6,60,39,52,1,0
6,41,69,29,3,0
6,36,39,5,0,0
1,46,59,100,5,0
3,40,50,130,6,1
6,31,45,185,9,1
7,19,41,146,6,1
3,42,45,131,5,1
1,52,39,74,2,0
2,51,6,94,0,0
2,35,37,120,4,1
2,34,48,85,3,0
4,36,24,63,0,0
4,36,43,132,5,1
6,53,41,152,6,1
7,40,41,132,5,1
0,33,0,108,0,0
8,38,55,26,1,0
0,37,1,118,0,0
2,40,52,75,3,1
4,32,43,153,6,1
3,36,62,48,3,0
4,51,38,111,4,1
3,48,54,131,6,1
4,46,48,65,2,0
5,53,46,133,6,1
3,29,14,80,0,0
5,33,40,58,1,0
5,33,34,33,0,0
6,42,44,124,5,0
3,41,30,106,3,0
3,42,15,77,0,0
2,39,7,90,0,0
6,51,32,44,0,0
2,30,32,85,2,1
0,32,20,56,0,1
7,25,36,138,5,1
4,58,40,107,4,1
5,45,27,36,0,0
5,46,30,48,0,0
2,41,57,115,5,0
0,39,21,33,0,1
6,31,38,27,0,0
5,31,2,53,0,0
6,41,44,134,6,1
7,30,43,129,6,1
6,15,20,198,7,1
7,41,39,116,5,1
5,29,42,102,4,1
3,60,34,76,1,0
7,52,54,39,2,0
2,8,6,97,0,0
4,34,46,127,5,1
6,42,53,169,8,1
3,45,38,120,4,1
2,43,40,95,3,0
4,56,45,55,2,1
4,23,50,71,3,0
0,40,37,70,1,1
4,21,40,128,5,1
6,33,33,47,0,0
7,29,43,141,6,1
6,27,48,10,0,0
5,49,29,37,0,0
6,36,38,42,0,0
4,19,51,140,6,1
3,38,45,96,3,0
0,46,0,116,0,0
7,37,40,101,4,1
3,43,36,109,3,1
0,44,0,117,0,1
6,42,45,123,5,1
5,33,38,112,4,1
5,56,23,53,0,0
3,51,20,80,0,0
3,39,42,72,2,0
0,33,0,146,0,0
5,29,27,55,0,0
3,28,56,109,5,0
7,31,42,149,7,1
4,35,31,75,1,0
3,53,22,85,1,0
2,36,8,89,0,0
2,41,47,87,3,1
9,44,45,156,7,1
8,44,43,130,6,1
3,34,24,59,0,0
0,44,60,121,5,0
4,44,35,65,1,0
6,36,38,147,6,1
5,42,38,122,4,0
6,40,32,66,1,0
5,29,77,62,5,0
2,41,39,103,3,1
2,34,40,121,4,1
8,46,46,131,6,1
4,50,54,134,6,1
5,36,36,116,4,1
6,37,47,34,1,0
10,37,40,131,6,1
3,42,14,141,3,1
5,41,24,51,0,0
2,62,39,105,3,1
3,36,44,96,3,0
5,27,37,109,4,1
3,47,18,86,1,0
6,41,37,96,3,1
9,35,39,127,5,0
5,39,59,50,3,0
1,43,5,110,0,0
2,46,39,102,3,1
5,47,65,164,9,1
4,49,27,74,1,1
4,27,42,122,5,1
3,48,54,145,7,1
2,27,30,102,2,1
1,48,53,89,4,1
2,35,8,90,0,0
2,37,68,90,5,0
6,51,42,42,1,0
3,38,47,123,5,1
8,47,41,140,6,1
2,49,8,90,0,0
0,55,43,31,0,1
1,35,67,110,6,1
1,21,59,77,4,1
2,18,12,92,0,0
2,56,15,102,1,0
2,20,15,99,1,0
6,45,43,127,5,1
6,44,28,24,0,0
2,30,20,92,1,0
5,47,26,171,6,0
5,56,31,51,0,0
0,63,7,156,3,0
4,43,21,171,5,1
1,38,9,97,0,1
5,33,37,65,1,0
3,31,26,104,2,1
4,40,35,144,5,1
6,59,42,47,1,0
6,24,35,39,0,0
5,45,34,57,1,0
4,32,24,64,0,0
2,23,9,82,0,0
0,49,0,113,0,0
0,50,45,109,4,0
4,36,39,61,1,0
2,51,38,101,3,1
5,32,48,62,2,0
2,51,54,93,4,0
2,37,61,102,5,0
4,32,36,155,6,1
9,40,45,125,6,1
5,43,35,93,3,1
7,23,40,137,6,1
8,34,41,150,7,1
7,38,43,37,1,0
8,52,47,129,6,1
0,41,0,113,0,0
3,45,55,99,4,1
5,28,34,39,0,0
0,28,0,100,0,0
3,37,57,93,4,0
3,39,49,131,6,0
3,39,36,126,4,1
8,30,48,136,7,1
3,45,50,102,4,1
3,16,38,91,3,1
5,62,28,168,6,1
7,44,48,32,1,1
2,45,12,92,0,0
3,51,43,98,3,0
9,42,32,5,0,0
2,31,31,78,1,1
4,55,30,71,1,0
4,51,44,52,1,0
4,64,31,148,5,0
4,31,25,63,0,1
3,47,0,83,0,0
0,21,4,111,0,0
10,32,48,171,9,1
1,32,38,56,0,1
2,39,5,81,0,0
4,46,40,51,1,0
3,42,10,74,0,0
1,30,14,104,1,0
2,35,53,110,5,0
9,55,44,137,6,1
6,38,35,13,0,0
6,50,41,119,5,1
0,45,30,166,5,0
0,27,45,186,7,0
4,52,23,169,5,1
4,36,25,59,0,0
4,34,37,93,3,1
4,45,50,159,7,1
8,48,36,5,0,0
3,37,49,79,3,0
1,41,44,96,3,1
4,41,53,90,4,0
3,32,33,124,4,1
1,41,50,93,3,1
2,21,39,79,2,1
7,27,39,203,9,1
2,21,36,101,3,0
2,55,50,112,5,0
1,42,39,115,4,0
4,40,21,53,0,1
0,38,42,46,0,1
4,5,36,140,5,1
0,36,34,50,0,1
5,9,34,65,1,0
3,45,45,106,4,1
2,58,36,74,1,1
0,54,47,125,5,0
3,39,16,79,0,0
6,42,50,52,2,0
3,47,39,116,4,0
5,40,38,111,4,1
6,37,43,131,6,1
6,38,39,111,4,1
0,45,0,139,0,0
2,31,63,67,3,0
5,28,40,126,5,1
3,25,16,73,0,0
4,32,38,152,6,1
6,44,39,131,5,0
3,28,38,118,4,1
5,41,38,128,5,1
8,28,44,125,6,1
8,51,38,128,5,1
6,42,62,160,9,1
3,37,25,86,1,0
6,42,42,102,4,1
4,33,37,68,1,1
6,51,37,119,4,1
3,17,55,111,5,1
2,31,46,109,4,1
0,47,4,109,0,0
6,49,40,95,3,1
4,38,37,106,3,1
4,28,24,74,1,0
4,50,22,63,0,0
4,48,30,82,2,0
2,27,32,88,2,1
1,50,0,91,0,0
1,42,54,105,4,0
5,42,56,135,7,1
3,30,16,55,0,0
5,53,32,178,7,1
10,27,43,146,7,1
0,50,0,121,0,0
5,46,30,49,0,0
1,27,30,95,2,1
3,38,32,94,2,0
6,26,39,50,1,1
4,32,39,28,0,0
2,40,50,98,4,0
3,65,43,122,5,1
6,58,42,201,9,1
0,35,0,123,0,0
1,34,0,92,0,0
4,36,38,102,3,0
1,31,29,101,2,1
5,35,38,63,1,0
8,33,43,26,0,0
0,42,43,61,1,1
7,52,45,130,6,1
2,22,35,124,4,0
9,26,43,169,8,1
7,47,43,126,5,1
3,53,21,82,1,0
0,31,33,60,0,0
4,40,20,66,0,0
3,26,38,111,4,1
6,35,34,167,7,1
3,45,13,82,0,0
3,40,19,83,1,0
1,30,19,88,0,1
3,36,42,121,5,1
7,42,45,137,6,1
2,55,30,82,1,0
6,53,73,148,9,1
1,51,58,95,4,1
0,44,25,65,0,1
2,36,10,90,0,0
1,36,4,97,0,0
4,32,14,53,0,0
4,42,21,59,0,0
6,43,55,160,8,1
5,32,33,109,3,1
7,46,50,36,1,1
6,41,39,36,0,0
6,43,40,109,4,1
5,51,49,188,9,1
2,50,51,95,4,0
5,42,53,147,7,1
5,14,41,50,1,0
4,41,38,84,2,0
5,57,36,81,2,1
4,37,34,68,1,0
5,17,41,125,5,1
3,38,24,78,1,0
3,61,31,65,1,0
2,48,48,50,1,0
3,43,9,53,0,0
2,42,41,78,2,0
3,41,13,83,0,0
0,42,52,144,6,0
6,41,49,153,7,0
10,35,48,171,9,1
2,31,24,157,5,0
6,57,39,128,5,1
5,45,41,115,4,1
9,41,40,126,5,1
3,33,35,99,3,0
7,38,44,132,6,1
3,36,62,45,2,0
3,27,22,85,1,0
2,39,69,60,4,0
4,38,25,70,1,0
4,41,45,84,3,0
6,40,38,139,5,1
1,41,0,91,0,0
6,46,30,165,6,1
9,34,42,140,6,1
5,33,47,155,7,1
1,47,23,90,1,0
8,21,48,20,1,0
2,28,26,121,3,1
6,43,34,43,0,0
6,34,40,47,1,0
3,53,30,99,2,0
1,50,17,115,2,0
0,44,64,105,5,0
6,34,44,45,1,0
3,40,27,147,5,0
3,22,38,104,3,1
3,47,48,55,2,0
6,49,43,107,4,1
4,36,55,155,8,1
3,30,43,127,5,1
2,43,5,86,0,0
4,32,20,70,0,0
5,5,33,48,0,0
4,51,40,104,4,1
4,52,35,67,1,1
3,21,16,77,0,0
5,36,39,132,5,1
4,58,50,78,3,0
4,41,36,86,2,1
4,42,25,77,1,0
2,38,37,90,2,1
4,43,38,147,6,1
0,38,0,124,0,0
9,47,41,141,6,1
8,36,39,144,6,1
3,38,20,81,1,0
5,36,37,106,4,1
3,38,78,109,7,1
0,33,40,147,5,0
4,49,36,109,3,1
3,49,24,86,1,1
2,47,11,90,0,0
3,43,35,109,3,1
3,35,62,112,6,1
3,31,34,135,5,0
7,59,42,115,5,1
4,38,59,59,3,0
3,36,25,81,1,0
8,34,59,188,10,1
6,41,43,51,1,0
8,18,42,138,6,0
9,27,51,137,7,1
4,35,22,70,0,0
2,36,47,123,5,1
2,49,5,89,0,0
3,43,25,80,1,0
0,37,43,55,1,1
3,37,49,110,4,1
5,35,43,132,6,1
5,40,39,110,4,1
4,49,36,79,2,1
8,35,52,22,1,0
7,41,38,189,8,1
5,60,40,104,4,1
6,37,37,135,5,1
6,33,37,5,0,0
7,40,53,28,1,0
1,34,29,107,2,1
0,32,33,116,3,0
2,55,22,108,2,1
9,59,43,138,6,1
4,40,58,116,6,0
2,39,47,70,2,0
4,27,58,42,2,0
5,35,60,158,8,1
0,30,0,146,0,0
4,62,35,92,3,1
7,46,39,34,0,0
1,40,23,147,4,0
3,23,16,84,0,0
2,22,38,123,4,1
4,45,30,73,1,0
5,45,37,61,1,0
4,43,22,53,0,0
0,36,38,69,1,1
0,40,0,119,0,0
3,34,31,78,1,1
6,46,43,112,5,1
3,42,62,112,6,0
4,38,41,139,5,1
0,52,33,110,3,1
0,54,7,119,1,0
2,22,44,121,5,0
2,30,47,95,4,1
6,38,39,134,5,1
6,42,46,117,5,1
3,42,44,137,6,0
5,34,42,35,0,0
2,40,42,96,3,1
4,25,35,107,3,1
5,19,23,71,0,0
5,37,35,58,1,0
1,46,6,105,0,0
5,38,43,15,0,0
6,49,45,46,1,1
2,45,1,103,0,0
9,38,64,9,2,0
6,46,34,176,7,1
5,36,40,73,2,0
2,46,49,50,1,1
2,29,11,97,0,0
2,25,23,139,4,0
5,55,32,118,4,1
5,42,40,51,1,1
3,40,16,104,1,0
1,41,3,107,0,0
5,16,35,105,3,1
7,44,49,37,1,0
6,50,53,164,8,1
2,44,22,98,1,1
1,39,37,90,2,1
3,26,47,82,3,1
6,44,42,122,5,1
0,62,46,134,5,0
5,41,48,57,2,0
3,26,66,67,4,1
6,32,40,132,5,1
0,29,51,153,6,1
9,39,38,113,5,1
3,36,29,113,3,1
1,23,28,99,2,1
7,57,41,117,5,1
1,27,8,99,0,1
2,45,43,77,2,1
2,23,43,90,3,0
4,55,36,149,6,1
6,31,41,134,5,1
0,32,0,108,0,0
1,43,28,106,2,1
7,28,36,12,0,0
5,48,39,163,7,1
1,44,29,108,2,1
5,20,53,147,7,1
3,46,7,148,3,1
0,44,7,81,0,1
5,25,13,27,0,0
1,60,42,88,3,1
4,35,38,71,2,0
7,31,47,138,6,1
8,31,40,134,6,1
4,40,24,70,0,0
3,29,23,85,1,0
4,37,26,138,4,1
1,53,20,80,0,1
5,35,42,34,0,0
7,28,51,41,2,0
5,48,53,117,5,1
3,31,19,72,0,0
7,44,39,130,5,1
5,40,32,52,0,0
2,49,12,88,0,0
4,38,21,59,0,0
0,42,24,57,0,1
2,47,32,113,3,1
0,47,31,173,6,0
3,44,44,168,7,1
4,13,67,59,4,0
3,46,9,117,1,1
4,31,51,69,3,0
5,36,29,51,0,0
8,17,52,28,1,0
1,47,57,108,5,1
2,35,12,97,0,0
0,33,0,121,0,0
3,15,20,80,0,0
3,55,38,121,4,1
5,40,37,106,4,1
5,43,39,53,1,0
3,47,16,83,0,0
1,48,7,107,0,0
6,50,42,120,5,1
4,44,40,55,1,1
4,44,34,69,1,0
5,24,43,134,6,1
1,50,37,98,3,0
8,26,37,114,4,0
4,40,32,81,2,1
5,43,37,107,4,1
3,44,31,81,1,1
6,36,10,51,0,0
3,48,46,129,5,1
4,42,39,118,4,1
5,37,26,50,0,0
4,28,44,140,6,1
5,35,23,29,0,0
4,22,48,151,7,1
8,40,57,37,2,0
3,39,44,101,4,0
3,40,50,119,5,1
6,30,32,41,0,0
8,33,49,23,1,0
8,34,41,143,6,1
9,34,43,136,6,1
4,46,37,129,5,1
4,33,35,113,4,1
5,28,32,125,4,1
6,54,49,194,9,0
1,39,7,105,0,1
3,60,31,122,4,1
2,40,32,83,1,1
9,60,46,132,6,1
5,48,43,127,5,1
3,59,31,68,1,0
6,36,36,79,2,1
2,53,47,68,2,0
9,39,46,149,7,1
9,47,44,132,6,1
2,50,40,95,3,1
2,32,53,95,4,1
5,35,43,139,6,1
3,36,40,75,2,0
3,39,54,63,2,0
8,47,43,139,6,1
3,35,30,94,2,0
10,35,51,161,8,1
0,45,0,116,0,0
5,41,47,35,1,0
10,15,43,147,7,1
3,38,33,64,1,0
6,44,0,24,0,1
5,31,23,51,0,0
5,44,34,64,1,0
7,43,43,40,1,0
4,13,24,73,1,0
2,47,32,99,2,0
1,38,5,111,0,0
6,46,45,199,9,1
1,23,3,96,0,0
4,31,48,61,2,0
2,30,66,92,5,1
1,33,90,131,9,0
5,41,36,140,5,1
1,49,2,93,0,0
5,34,41,134,5,1
2,45,69,126,7,0
3,43,17,86,0,0
4,38,38,56,1,0
8,32,41,129,6,1
1,48,75,95,6,0
5,28,40,63,2,0
4,51,48,155,7,1
1,15,40,72,2,0
6,49,35,51,1,0
3,14,49,133,6,1
2,52,7,91,0,0
7,42,47,149,7,1
4,45,22,59,0,1
10,21,41,119,5,1
4,22,33,113,4,1
6,34,34,36,0,0
4,33,20,52,0,0
7,33,49,36,1,0
4,34,35,117,4,1
0,35,0,139,0,0
4,27,23,65,0,0
5,38,52,29,1,0
0,28,24,50,0,1
7,45,49,31,1,0
4,42,38,126,5,1
5,41,37,106,4,1
5,55,27,42,0,0
4,33,17,160,4,1
7,58,37,110,4,1
7,56,49,33,1,0
7,42,37,32,0,0
7,27,39,134,5,1
5,49,39,95,3,1
7,29,37,109,4,1
3,44,40,97,3,1
2,26,81,87,6,0
3,44,14,67,0,0
4,48,43,115,4,1
4,36,21,65,0,0
5,44,49,163,8,1
2,35,11,85,0,0
4,26,62,77,4,0
5,33,34,59,1,0
1,53,44,167,7,0
0,41,29,46,0,1
5,42,35,64,1,0
2,41,66,81,4,0
3,37,37,96,3,1
7,36,40,145,6,1
8,42,46,137,6,1
6,37,43,48,1,0
3,45,39,83,2,0
1,48,41,128,5,0
4,48,41,136,5,1
5,56,43,37,0,0
3,27,26,92,2,0
5,31,31,75,1,0
3,32,42,120,4,1
2,35,15,82,0,1
5,49,45,129,5,1
0,33,66,115,6,0
11,26,48,161,8,1
5,53,37,54,1,0
3,50,53,116,5,1
0,37,0,120,0,0
4,44,31,43,0,0
1,53,23,102,2,1
2,55,49,109,4,0
8,36,30,22,0,0
2,46,58,94,4,1
5,28,40,137,5,1
1,41,50,87,3,0
2,59,41,98,3,1
5,43,32,63,1,0
3,34,69,108,6,1
6,48,32,33,0,0
2,51,15,89,0,0
5,46,60,155,8,1
5,26,74,148,9,1
6,38,40,114,4,1
3,27,20,75,0,0
3,28,44,57,1,0
2,20,36,103,3,1
3,57,33,96,2,0
4,28,32,134,4,1
7,68,48,135,6,0
5,29,40,121,5,1
5,46,40,125,5,1
6,27,41,94,3,1
7,37,39,120,5,1
6,38,42,154,7,1
4,37,34,78,2,0
6,30,56,5,0,0
1,48,7,104,0,1
0,42,26,81,1,1
2,32,12,93,0,1
5,44,47,173,8,1
3,42,57,55,2,0
4,42,22,70,0,0
4,55,34,94,3,1
5,43,41,120,5,1
4,34,25,79,1,0
7,34,41,103,4,1
4,37,31,110,3,1
4,40,39,84,2,1
0,42,41,122,4,0
7,38,41,115,5,1
2,31,12,95,0,0
4,45,39,149,6,1
4,47,40,109,4,1
2,34,66,110,6,0
6,33,53,12,0,0
4,45,16,124,2,1
5,20,41,144,6,0
4,30,42,113,4,1
5,48,41,120,5,1
9,46,45,116,5,1
7,36,48,38,1,0
6,52,69,5,1,0
3,54,48,116,5,1
5,45,39,128,5,0
1,43,22,122,2,1
1,30,38,92,2,1
7,33,42,124,5,1
3,33,36,103,3,1
0,51,34,150,5,0
2,25,18,96,1,0
4,38,21,73,0,0
4,37,29,110,3,0
3,33,37,58,1,0
7,33,22,25,0,0
6,59,39,52,1,0
2,38,42,76,2,1
3,35,64,118,6,1
1,51,71,118,7,0
1,20,50,85,3,1
1,37,52,84,3,1
3,38,57,73,3,0
1,49,8,99,0,1
3,37,35,119,4,0
1,17,8,104,0,0
1,41,4,102,0,0
3,35,40,87,3,1
5,43,40,144,6,1
1,58,38,99,3,1
4,45,46,131,5,1
1,40,8,95,0,0
2,46,35,71,1,0
4,38,41,114,4,1
3,34,28,60,0,0
0,26,63,146,7,0
2,31,35,123,4,1
6,50,43,120,5,1
7,39,44,31,1,1
0,28,12,137,2,0
1,37,5,102,0,0
9,32,48,5,0,0
3,28,21,84,1,0
7,45,44,131,6,1
0,36,0,129,0,0
2,44,42,109,4,0
7,46,43,5,0,0
4,45,27,77,1,0
4,30,30,75,1,0
7,43,42,136,6,1
9,39,46,137,7,1
3,40,27,101,2,1
6,43,40,127,5,1
5,52,36,165,6,1
1,52,40,70,1,1
5,35,33,181,7,1
3,34,38,123,4,1
7,23,47,5,0,0
5,44,28,54,0,0
3,36,73,51,4,0
6,48,76,165,10,0
5,51,39,115,4,1
1,32,19,120,2,0
4,33,29,64,1,0
3,44,49,120,5,1
7,14,40,120,5,0
4,39,40,107,4,1
2,39,26,103,2,1
3,42,34,84,2,1
6,37,41,48,1,0
6,53,39,126,5,1
7,43,43,129,6,1
5,30,35,144,5,1
2,33,47,105,4,0
2,38,25,120,3,1
0,52,0,147,0,0
5,31,52,142,7,1
0,35,43,63,1,1
5,31,48,180,8,1
7,57,30,53,0,0
3,32,47,79,3,0
1,27,43,126,5,1
0,43,0,114,0,0
4,42,37,136,5,1
6,30,66,179,10,1
1,38,0,104,0,0
5,30,27,65,1,0
4,47,37,98,3,1
2,48,34,108,3,1
9,42,46,152,7,1
2,57,44,101,3,1
5,9,8,17,0,0
3,43,34,99,3,1
2,50,18,121,2,1
3,40,69,96,6,1
4,39,50,164,8,1
1,49,65,63,3,0
3,42,20,69,0,0
2,35,36,116,4,1
9,47,45,247,10,0
3,27,72,127,8,1
3,32,14,116,2,1
2,57,8,79,0,0
6,35,38,45,1,0
3,36,53,121,6,1
2,31,16,123,2,0
0,30,64,164,8,1
4,37,46,120,5,1
5,43,62,138,7,1
0,46,0,114,0,0
0,41,0,130,0,0
3,54,37,86,2,0
6,36,41,46,1,0
2,27,10,109,1,1
3,45,13,143,3,0
1,47,4,113,0,0
3,47,48,136,6,1
1,39,53,139,6,0
0,37,41,33,0,1
6,59,40,123,5,1
4,45,54,113,5,1
0,25,48,204,8,0
2,39,17,84,0,0
4,40,34,166,6,1
0,33,27,137,4,0
5,58,44,46,1,1
4,24,46,58,2,0
2,26,6,91,0,1
3,46,43,94,3,0
2,29,54,100,4,0
4,31,30,68,1,0
1,23,41,106,3,1
3,35,16,81,0,0
4,34,35,84,2,1
1,47,32,102,2,1
5,42,40,38,0,0
1,42,49,46,1,0
8,31,41,168,8,1
2,42,35,124,4,1
0,32,0,134,0,0
6,38,41,124,5,1
2,47,37,114,4,1
4,41,49,54,2,0
6,36,11,47,0,1
6,29,35,152,6,1
7,46,42,149,7,1
9,46,39,151,7,1
2,37,15,101,1,1
6,68,41,127,5,1
1,32,0,95,0,0
8,41,49,124,6,1
2,39,27,89,1,0
0,46,0,129,0,0
5,30,23,150,5,1
4,33,31,96,2,1
5,61,26,59,0,0
2,28,57,86,4,0
7,31,47,130,6,1
5,41,42,114,4,1
5,44,28,155,5,1
6,38,42,127,5,1
2,32,30,101,2,1
9,47,39,165,7,1
3,21,20,82,1,0
8,34,43,133,6,1
0,54,26,69,0,0
7,57,44,147,7,1
5,25,39,107,4,1
4,34,33,104,3,1
1,26,4,92,0,0
4,34,51,109,5,1
5,46,50,21,0,1
3,46,54,126,6,1
6,41,42,137,6,1
4,23,31,65,1,0
5,42,37,107,4,1
0,47,0,121,0,0
2,44,35,102,3,1
9,33,42,150,7,1
3,43,35,72,1,0
1,41,24,125,3,0
5,37,0,27,0,0
2,15,14,87,0,0
7,26,53,38,2,0
3,40,24,91,1,0
2,66,42,92,3,0
8,22,46,139,7,1
9,52,46,132,6,1
3,31,22,78,1,0
7,15,22,217,8,1
7,57,40,114,4,0
3,38,33,63,1,0
4,44,35,132,5,0
4,48,48,121,5,1
4,40,54,140,7,1
3,35,15,80,0,0
8,49,42,133,6,1
2,56,52,102,4,0
3,49,44,69,2,0
2,37,49,81,3,1
2,37,27,75,1,1
1,28,32,79,1,1
3,49,41,131,5,1
3,23,48,34,1,0
5,41,41,13,0,0
7,34,44,132,6,1
4,33,38,123,4,1
2,32,11,96,0,0
4,44,37,126,4,1
7,23,42,119,5,1
5,46,65,50,3,0
0,44,0,121,0,0
5,44,37,15,0,0
7,34,20,47,0,0
2,52,7,95,0,0
6,55,1,60,0,0
1,50,63,118,6,0
2,48,25,163,5,0
0,50,0,121,0,0
6,26,44,147,7,1
7,43,47,5,0,0
0,34,0,132,0,0
3,49,12,100,1,1
6,31,34,42,0,0
2,42,39,109,4,0
1,34,4,100,0,0
3,56,32,110,3,1
4,36,37,133,5,1
1,43,4,109,0,0
6,40,32,5,0,0
1,50,64,83,4,1
2,43,16,89,0,0
8,39,49,19,1,0
3,40,65,140,8,1
6,37,63,168,9,1
1,42,0,93,0,0
8,38,40,102,4,1
6,50,32,47,0,0
4,27,40,112,4,1
9,15,43,135,6,1
3,52,29,130,4,0
5,33,34,67,1,0
4,50,29,130,4,1
6,36,52,65,3,0
2,26,79,66,5,0
0,51,36,154,5,1
5,34,41,163,7,1
2,61,34,134,4,0
7,42,36,137,5,1
5,32,27,60,0,0
5,25,46,60,2,0
8,32,37,120,5,1
3,59,11,81,0,0
5,25,42,36,0,1
0,40,0,118,0,0
6,36,37,103,4,1
0,43,0,141,0,0
5,55,40,142,6,1
4,32,21,61,0,0
3,31,49,118,5,1
6,38,35,46,0,0
6,38,44,38,1,0
3,39,41,121,4,1
6,55,53,146,7,1
9,52,44,153,7,1
4,38,21,70,0,0
5,41,47,142,6,0
6,23,35,115,4,1
8,47,45,119,5,1
10,60,45,172,8,0
3,42,66,68,4,1
6,43,40,58,1,1
7,59,38,8,0,0
2,70,27,106,2,1
2,44,15,106,1,0
5,30,39,127,5,0
2,48,32,75,1,1
2,46,6,92,0,0
1,37,8,100,0,0
7,58,53,41,2,0
6,36,41,112,4,1
6,37,44,132,6,1
4,37,37,111,4,1
2,51,4,85,0,0
6,51,58,52,3,0
3,39,42,90,3,0
0,40,0,111,0,0
0,24,15,51,0,1
0,46,0,169,0,0
5,49,42,63,2,0
0,43,10,54,0,1
2,31,17,92,1,1
1,40,45,110,4,0
2,38,32,123,4,1
3,44,31,93,2,1
7,23,40,122,5,1
4,47,43,63,2,0
2,53,26,117,3,1
4,44,48,118,5,1
3,43,41,80,2,1
4,32,45,43,1,0
3,39,37,122,4,1
3,43,14,88,0,0
5,43,39,119,4,1
2,37,12,86,0,0
0,33,0,119,0,0
9,29,43,148,7,1
0,45,5,115,1,0
1,33,6,101,0,0
10,57,39,145,6,1
5,57,45,47,1,0
1,30,36,110,3,1
4,40,8,180,5,1
2,31,24,104,2,1
5,35,15,46,0,0
4,20,37,133,5,0
6,41,51,167,8,1
5,52,26,53,0,0
3,27,23,83,1,0
4,26,54,112,5,1
2,24,10,88,0,0
4,33,44,137,6,1
6,30,38,139,6,1
6,42,39,116,4,0
4,34,43,101,4,1
7,22,37,120,5,1
2,27,46,118,5,0
4,23,34,160,6,1
5,26,25,56,0,0
9,46,45,137,6,1
4,20,0,57,0,0
2,39,32,92,2,0
2,54,57,78,3,0
3,46,56,125,6,1
6,19,28,51,0,0
0,33,13,44,0,1
4,37,58,70,3,0
6,60,41,122,5,1
2,37,15,95,1,0
2,34,28,98,2,0
7,43,42,149,6,1
2,38,21,90,1,0
2,31,63,53,3,0
10,30,40,133,6,0
3,41,13,135,3,1
2,36,56,111,5,0
9,42,48,153,7,1
4,37,25,160,5,1
5,37,36,116,4,1
3,36,73,59,4,0
2,36,33,107,3,1
6,36,14,28,0,0
0,37,3,109,0,0
3,40,45,108,4,1
4,34,31,104,3,1
4,44,24,91,2,0
5,32,32,113,3,1
